-------------INSERT USER_ROLE----------------
INSERT INTO USER_ROLE(ROLE_ID, ROLE) VALUES (1, 'ROLE_VP');
INSERT INTO USER_ROLE(ROLE_ID, ROLE) VALUES (2, 'ROLE_QC');
INSERT INTO USER_ROLE(ROLE_ID, ROLE) VALUES (3, 'ROLE_TRAINER');
INSERT INTO USER_ROLE(ROLE_ID, ROLE) VALUES (4, 'INACTIVE');


-------------INSERT USERS----------------
INSERT INTO REVATURE_USER(DTYPE,USER_ID, EMAIL, FIRST_NAME, LAST_NAME, ROLE_ID)
  VALUES('Trainer', USER_ID_SEQ.NEXTVAL,'patrick.walsh@revature.com', 'Patrick', 'Walsh', 1);
INSERT INTO REVATURE_USER(DTYPE,USER_ID, EMAIL, FIRST_NAME, LAST_NAME, ROLE_ID)
  VALUES('Trainer', USER_ID_SEQ.NEXTVAL, 'pjw6193@hotmail.com', 'Dan', 'Pickles', 1);
INSERT INTO REVATURE_USER(DTYPE,USER_ID, EMAIL, FIRST_NAME, LAST_NAME, ROLE_ID)
  VALUES('Trainer', USER_ID_SEQ.NEXTVAL, 'ravi.singh@revature.com', 'Ravi', 'Singh', 2);
INSERT INTO REVATURE_USER(DTYPE,USER_ID, EMAIL, FIRST_NAME, LAST_NAME, ROLE_ID)
  VALUES('Trainer', USER_ID_SEQ.NEXTVAL, 'karan.dhirar@revature.com', 'Karan', 'Dhirar', 2);
INSERT INTO REVATURE_USER(DTYPE,USER_ID, EMAIL, FIRST_NAME, LAST_NAME, ROLE_ID)
  VALUES('Trainer', USER_ID_SEQ.NEXTVAL, 'brian.connolly@revature.com', 'Brian', 'Connolly', 3);
INSERT INTO REVATURE_USER(DTYPE,USER_ID, EMAIL, FIRST_NAME, LAST_NAME, ROLE_ID)
  VALUES('Trainer', USER_ID_SEQ.NEXTVAL, 'genesis.bonds@revature.com', 'Genesis', 'Bonds', 3);
INSERT INTO REVATURE_USER(DTYPE,USER_ID, EMAIL, FIRST_NAME, LAST_NAME, ROLE_ID)
  VALUES('Trainer', USER_ID_SEQ.NEXTVAL, 'ankit.garg@revature.com', 'Ankit', 'Garg', 3);
INSERT INTO REVATURE_USER(DTYPE,USER_ID, EMAIL, FIRST_NAME, LAST_NAME, ROLE_ID)
  VALUES('Trainer', USER_ID_SEQ.NEXTVAL, 'ryan.lessley@revature.com', 'Ryan', 'Lessley', 3);
INSERT INTO REVATURE_USER(DTYPE,USER_ID, EMAIL, FIRST_NAME, LAST_NAME, ROLE_ID)
  VALUES('Trainer', USER_ID_SEQ.NEXTVAL, 'steven.kelsey@revature.com', 'Steven', 'Kelsey', 3);
INSERT INTO REVATURE_USER(DTYPE,USER_ID, EMAIL, FIRST_NAME, LAST_NAME, ROLE_ID)
  VALUES('Trainer', USER_ID_SEQ.NEXTVAL, 'emily.higgins@revature.com', 'Emily', 'Higgins', 3);
INSERT INTO REVATURE_USER(DTYPE,USER_ID, EMAIL, FIRST_NAME, LAST_NAME, ROLE_ID)
  VALUES('Trainer', USER_ID_SEQ.NEXTVAL, 'taylor.kemper@revature.com', 'Taylor', 'Kemper', 3);
INSERT INTO REVATURE_USER(DTYPE,USER_ID, EMAIL, FIRST_NAME, LAST_NAME, ROLE_ID)
  VALUES('Trainer', USER_ID_SEQ.NEXTVAL, 'nickolas.jurczak@revature.com', 'Nick', 'Jurczak', 3);
INSERT INTO REVATURE_USER(DTYPE,USER_ID, EMAIL, FIRST_NAME, LAST_NAME, ROLE_ID)
  VALUES('Trainee', USER_ID_SEQ.NEXTVAL, 'howard.johnson@hotmail.com','Howard', 'Johnson', NULL);
INSERT INTO REVATURE_USER(DTYPE,USER_ID, EMAIL, FIRST_NAME, LAST_NAME, ROLE_ID)
  VALUES('Trainee', USER_ID_SEQ.NEXTVAL, 'dlaut1@hotmail.com','Laut', 'Daniel', NULL);
INSERT INTO REVATURE_USER(DTYPE,USER_ID, EMAIL, FIRST_NAME, LAST_NAME, ROLE_ID)
  VALUES('Trainee', USER_ID_SEQ.NEXTVAL, 'ckipp2@hotmail.com','Kipp', 'Charles', NULL);
INSERT INTO REVATURE_USER(DTYPE,USER_ID, EMAIL, FIRST_NAME, LAST_NAME, ROLE_ID)
  VALUES('Trainee', USER_ID_SEQ.NEXTVAL, 'xinguang.huang1@gmail.com','Huang', 'Jason', NULL);
INSERT INTO REVATURE_USER(DTYPE,USER_ID, EMAIL, FIRST_NAME, LAST_NAME, ROLE_ID)
  VALUES('Trainee', USER_ID_SEQ.NEXTVAL, 'osher.y.cohen@gmail.com','Cohen', 'Osher', NULL);
INSERT INTO REVATURE_USER(DTYPE,USER_ID, EMAIL, FIRST_NAME, LAST_NAME, ROLE_ID)
  VALUES('Trainee', USER_ID_SEQ.NEXTVAL, 'kchangfatt@gmail.com','Chang Fatt', 'Kyle', NULL);
INSERT INTO REVATURE_USER(DTYPE,USER_ID, EMAIL, FIRST_NAME, LAST_NAME, ROLE_ID)
  VALUES('Trainee', USER_ID_SEQ.NEXTVAL, 'nikolovski23@gmail.com','Nikolovski', 'Martino', NULL);
INSERT INTO REVATURE_USER(DTYPE,USER_ID, EMAIL, FIRST_NAME, LAST_NAME, ROLE_ID)
  VALUES('Trainee', USER_ID_SEQ.NEXTVAL, 'louisalopez93@gmail.com','Lopez', 'Louis', NULL);
INSERT INTO REVATURE_USER(DTYPE,USER_ID, EMAIL, FIRST_NAME, LAST_NAME, ROLE_ID)
  VALUES('Trainee', USER_ID_SEQ.NEXTVAL, 'syar0052@gmail.com','Yar', 'Shehar', NULL);
INSERT INTO REVATURE_USER(DTYPE,USER_ID, EMAIL, FIRST_NAME, LAST_NAME, ROLE_ID)
  VALUES('Trainee', USER_ID_SEQ.NEXTVAL, 'achen.this@gmail.com','Chen', 'Andrew', NULL);
INSERT INTO REVATURE_USER(DTYPE,USER_ID, EMAIL, FIRST_NAME, LAST_NAME, ROLE_ID)
  VALUES('Trainee', USER_ID_SEQ.NEXTVAL, 'davidsibrian08@gmail.com','Sibrian', 'David', NULL);
INSERT INTO REVATURE_USER(DTYPE,USER_ID, EMAIL, FIRST_NAME, LAST_NAME, ROLE_ID)
  VALUES('Trainee', USER_ID_SEQ.NEXTVAL, 'karymacancela@gmail.com','Macancela', 'Karina', NULL);
INSERT INTO REVATURE_USER(DTYPE,USER_ID, EMAIL, FIRST_NAME, LAST_NAME, ROLE_ID)
  VALUES('Trainee', USER_ID_SEQ.NEXTVAL, 'shamlau23@gmail.com','Lau', 'Samuel', NULL);
INSERT INTO REVATURE_USER(DTYPE,USER_ID, EMAIL, FIRST_NAME, LAST_NAME, ROLE_ID)
  VALUES('Trainee', USER_ID_SEQ.NEXTVAL, 'ychenq001@gmail.com','Chen', 'Yan', NULL);
INSERT INTO REVATURE_USER(DTYPE,USER_ID, EMAIL, FIRST_NAME, LAST_NAME, ROLE_ID)
  VALUES('Trainee', USER_ID_SEQ.NEXTVAL, 'williams.andrew15@gmail.com','Williams', 'Andrew', NULL);
INSERT INTO REVATURE_USER(DTYPE,USER_ID, EMAIL, FIRST_NAME, LAST_NAME, ROLE_ID)
  VALUES('Trainee', USER_ID_SEQ.NEXTVAL, 'katz.rikki@gmail.com','Katz', 'Rikki', NULL);
INSERT INTO REVATURE_USER(DTYPE,USER_ID, EMAIL, FIRST_NAME, LAST_NAME, ROLE_ID)
  VALUES('Trainee', USER_ID_SEQ.NEXTVAL, 'bcantos17@gmail.com','Cantos', 'Bryan', NULL);
INSERT INTO REVATURE_USER(DTYPE,USER_ID, EMAIL, FIRST_NAME, LAST_NAME, ROLE_ID)
  VALUES('Trainee', USER_ID_SEQ.NEXTVAL, 'travis.dacosta1@gmail.com','Dacosta', 'Travis', NULL);
INSERT INTO REVATURE_USER(DTYPE,USER_ID, EMAIL, FIRST_NAME, LAST_NAME, ROLE_ID)
  VALUES('Trainee', USER_ID_SEQ.NEXTVAL, 'ilysiarh@gmail.com','Siarheyeu', 'Ilya', NULL);
INSERT INTO REVATURE_USER(DTYPE,USER_ID, EMAIL, FIRST_NAME, LAST_NAME, ROLE_ID)
  VALUES('Trainee', USER_ID_SEQ.NEXTVAL, 'wingz101@icloud.com','Fredericksen-Rasberry', 'Salim', NULL);
INSERT INTO REVATURE_USER(DTYPE,USER_ID, EMAIL, FIRST_NAME, LAST_NAME, ROLE_ID)
  VALUES('Trainee', USER_ID_SEQ.NEXTVAL, 'bankole726@gmail.com','Thomas', 'Bankole', NULL);
INSERT INTO REVATURE_USER(DTYPE,USER_ID, EMAIL, FIRST_NAME, LAST_NAME, ROLE_ID)
  VALUES('Trainee', USER_ID_SEQ.NEXTVAL, 'davedataram@gmail.com','Dataram', 'Dave', NULL);
INSERT INTO REVATURE_USER(DTYPE,USER_ID, EMAIL, FIRST_NAME, LAST_NAME, ROLE_ID)
  VALUES('Trainee', USER_ID_SEQ.NEXTVAL, 'azraelzzz@hotmail.com','In Choi', 'Hou', NULL);
INSERT INTO REVATURE_USER(DTYPE,USER_ID, EMAIL, FIRST_NAME, LAST_NAME, ROLE_ID)
  VALUES('Trainee', USER_ID_SEQ.NEXTVAL, 'chandradatgir@yahoo.com','Gir', 'Chandradat', NULL);
INSERT INTO REVATURE_USER(DTYPE,USER_ID, EMAIL, FIRST_NAME, LAST_NAME, ROLE_ID)
  VALUES('Trainee', USER_ID_SEQ.NEXTVAL, 'jcsanchez1218@yahoo.com','Carlos Sanchez', 'Juan', NULL);

  
-------------UPDATE TRAINERS-------------
UPDATE REVATURE_USER
  SET TITLE ='Lead Trainer' WHERE USER_ID = (SELECT USER_ID FROM REVATURE_USER WHERE EMAIL ='patrick.walsh@revature.com');
UPDATE REVATURE_USER
  SET TITLE ='Lead Trainer' WHERE USER_ID = (SELECT USER_ID FROM REVATURE_USER WHERE EMAIL ='pjw6193@hotmail.com');
UPDATE REVATURE_USER
 SET TITLE ='Vice President of Technology'  WHERE USER_ID = (SELECT USER_ID FROM REVATURE_USER WHERE EMAIL ='ravi.singh@revature.com');
UPDATE REVATURE_USER
  SET TITLE ='Technology Manager' WHERE USER_ID = (SELECT USER_ID FROM REVATURE_USER WHERE EMAIL ='karan.dhirar@revature.com');
UPDATE REVATURE_USER
  SET TITLE ='Senior Java Developer' WHERE USER_ID = (SELECT USER_ID FROM REVATURE_USER WHERE EMAIL ='brian.connolly@revature.com');
UPDATE REVATURE_USER
  SET TITLE ='Trainer' WHERE USER_ID = (SELECT USER_ID FROM REVATURE_USER WHERE EMAIL ='genesis.bonds@revature.com');
UPDATE REVATURE_USER
  SET TITLE ='Lead Trainer' WHERE USER_ID = (SELECT USER_ID FROM REVATURE_USER WHERE EMAIL ='ankit.garg@revature.com');
UPDATE REVATURE_USER
  SET TITLE ='Senior Trainer' WHERE USER_ID = (SELECT USER_ID FROM REVATURE_USER WHERE EMAIL ='ryan.lessley@revature.com');
UPDATE REVATURE_USER
  SET TITLE ='Senior Trainer' WHERE USER_ID = (SELECT USER_ID FROM REVATURE_USER WHERE EMAIL ='steven.kelsey@revature.com');
UPDATE REVATURE_USER
  SET TITLE ='Senior Trainer' WHERE USER_ID = (SELECT USER_ID FROM REVATURE_USER WHERE EMAIL ='emily.higgins@revature.com');
UPDATE REVATURE_USER
  SET TITLE ='Senior Trainer' WHERE USER_ID = (SELECT USER_ID FROM REVATURE_USER WHERE EMAIL ='taylor.kemper@revature.com');
UPDATE REVATURE_USER
  SET TITLE ='Trainer' WHERE USER_ID = (SELECT USER_ID FROM REVATURE_USER WHERE EMAIL ='nickolas.jurczak@revature.com');

---------------INSERT TRAINEES-------------
UPDATE REVATURE_USER SET TRAINING_STATUS = 'Training', PROFILE_URL = NULL WHERE USER_ID = (SELECT USER_ID FROM REVATURE_USER WHERE EMAIL = 'howard.johnson@hotmail.com');
UPDATE REVATURE_USER SET TRAINING_STATUS = 'Dropped', PROFILE_URL = NULL WHERE USER_ID = (SELECT USER_ID FROM REVATURE_USER WHERE EMAIL = 'dlaut1@hotmail.com');
UPDATE REVATURE_USER SET TRAINING_STATUS = 'Dropped', PROFILE_URL = NULL WHERE USER_ID = (SELECT USER_ID FROM REVATURE_USER WHERE EMAIL ='ckipp2@hotmail.com');
UPDATE REVATURE_USER SET TRAINING_STATUS = 'Dropped', PROFILE_URL = NULL WHERE USER_ID = (SELECT USER_ID FROM REVATURE_USER WHERE EMAIL ='xinguang.huang1@gmail.com');
UPDATE REVATURE_USER SET TRAINING_STATUS = 'Employed', PROFILE_URL = 'https://app.revature.com/profile/Osher/f341fc92cebe36b3753df749eeb57b2a' WHERE USER_ID = (SELECT USER_ID FROM REVATURE_USER WHERE EMAIL ='osher.y.cohen@gmail.com');
UPDATE REVATURE_USER SET TRAINING_STATUS = 'Employed', PROFILE_URL = 'https://app.revature.com/profile/Martino/18411f7d60abb8d3ea9b8a12f9e32041' WHERE USER_ID = (SELECT USER_ID FROM REVATURE_USER WHERE EMAIL ='nikolovski23@gmail.com');
UPDATE REVATURE_USER SET TRAINING_STATUS = 'Employed', PROFILE_URL = 'https://app.revature.com/profile/LouisLopez/71fd9c8b9c4fc2fe20ec464e14e14c5d' WHERE USER_ID = (SELECT USER_ID FROM REVATURE_USER WHERE EMAIL ='louisalopez93@gmail.com');
UPDATE REVATURE_USER SET TRAINING_STATUS = 'Employed', PROFILE_URL = 'https://app.revature.com/profile/Shehar/f35ad0947a9108f7724aaadb3f0d311b' WHERE USER_ID = (SELECT USER_ID FROM REVATURE_USER WHERE EMAIL ='syar0052@gmail.com');
UPDATE REVATURE_USER SET TRAINING_STATUS = 'Employed', PROFILE_URL = 'https://app.revature.com/profile/AndrewChen/77a3861a405068e383f482fb2bcdc629' WHERE USER_ID = (SELECT USER_ID FROM REVATURE_USER WHERE EMAIL ='achen.this@gmail.com');
UPDATE REVATURE_USER SET TRAINING_STATUS = 'Employed', PROFILE_URL = 'https://app.revature.com/profile/davidsibrian08/fd4cf53dd3924a64a537f888b9713def' WHERE USER_ID = (SELECT USER_ID FROM REVATURE_USER WHERE EMAIL ='davidsibrian08@gmail.com');
UPDATE REVATURE_USER SET TRAINING_STATUS = 'Employed', PROFILE_URL = 'https://app.revature.com/profile/kmacancela/4862d51e2c3940d37b5baf300e58962b' WHERE USER_ID = (SELECT USER_ID FROM REVATURE_USER WHERE EMAIL ='karymacancela@gmail.com');
UPDATE REVATURE_USER SET TRAINING_STATUS = 'Employed', PROFILE_URL = 'https://app.revature.com/profile/ shamlau/02c9c1073f9b3ab702f9c5db18fe9e6c'WHERE USER_ID = (SELECT USER_ID FROM REVATURE_USER WHERE EMAIL ='shamlau23@gmail.com');
UPDATE REVATURE_USER SET TRAINING_STATUS = 'Employed', PROFILE_URL = 'https://app.revature.com/profile/ychen/bae900b010b8c778db2b8b93fafd3d67' WHERE USER_ID = (SELECT USER_ID FROM REVATURE_USER WHERE EMAIL ='ychenq001@gmail.com');
UPDATE REVATURE_USER SET TRAINING_STATUS = 'Employed', PROFILE_URL = 'https://app.revature.com/profile/Gigantor15/c33772d90963ba311da91439c153ded4' WHERE USER_ID = (SELECT USER_ID FROM REVATURE_USER WHERE EMAIL ='williams.andrew15@gmail.com');
UPDATE REVATURE_USER SET TRAINING_STATUS = 'Employed', PROFILE_URL = 'https://app.revature.com/profile/RebeccaK/3d80c961cf1dab656b02aa6d1aaa95b4' WHERE USER_ID = (SELECT USER_ID FROM REVATURE_USER WHERE EMAIL ='katz.rikki@gmail.com');
UPDATE REVATURE_USER SET TRAINING_STATUS = 'Employed', PROFILE_URL = 'https://app.revature.com/profile/bcantos17/1d1241150188ed37a992e84d4ee3ccf3' WHERE USER_ID = (SELECT USER_ID FROM REVATURE_USER WHERE EMAIL ='bcantos17@gmail.com');
UPDATE REVATURE_USER SET TRAINING_STATUS = 'Employed', PROFILE_URL = 'https://app.revature.com/profile/tdacosta11/9c0a7e4de28a8898c2b9186debe0e7cb' WHERE USER_ID = (SELECT USER_ID FROM REVATURE_USER WHERE EMAIL ='travis.dacosta1@gmail.com');
UPDATE REVATURE_USER SET TRAINING_STATUS = 'Employed', PROFILE_URL = 'https://app.revature.com/profile/ilysiarh/1612b1d54369bfa052cb56c24334040f' WHERE USER_ID = (SELECT USER_ID FROM REVATURE_USER WHERE EMAIL ='ilysiarh@gmail.com');
UPDATE REVATURE_USER SET TRAINING_STATUS = 'Dropped', PROFILE_URL = NULL WHERE USER_ID = (SELECT USER_ID FROM REVATURE_USER WHERE EMAIL ='wingz101@icloud.com');
UPDATE REVATURE_USER SET TRAINING_STATUS = 'Dropped', PROFILE_URL = NULL WHERE USER_ID = (SELECT USER_ID FROM REVATURE_USER WHERE EMAIL ='bankole726@gmail.com');
UPDATE REVATURE_USER SET TRAINING_STATUS = 'Dropped', PROFILE_URL = NULL WHERE USER_ID = (SELECT USER_ID FROM REVATURE_USER WHERE EMAIL ='davedataram@gmail.com');
UPDATE REVATURE_USER SET TRAINING_STATUS = 'Dropped', PROFILE_URL = NULL WHERE USER_ID = (SELECT USER_ID FROM REVATURE_USER WHERE EMAIL ='azraelzzz@hotmail.com');
UPDATE REVATURE_USER SET TRAINING_STATUS = 'Dropped', PROFILE_URL = NULL WHERE USER_ID = (SELECT USER_ID FROM REVATURE_USER WHERE EMAIL ='chandradatgir@yahoo.com');
UPDATE REVATURE_USER SET TRAINING_STATUS = 'Dropped', PROFILE_URL = NULL WHERE USER_ID = (SELECT USER_ID FROM REVATURE_USER WHERE EMAIL ='jcsanchez1218@yahoo.com');

---------------INSERT TRAINEE_BATCHES--------
INSERT INTO TRAINEE_BATCHES (TRAINEE_USER_ID, BATCHES) VALUES( (SELECT USER_ID FROM REVATURE_USER WHERE EMAIL = 'howard.johnson@hotmail.com'), 1);
INSERT INTO TRAINEE_BATCHES (TRAINEE_USER_ID, BATCHES) VALUES( (SELECT USER_ID FROM REVATURE_USER WHERE EMAIL = 'dlaut1@hotmail.com'), 1);
INSERT INTO TRAINEE_BATCHES (TRAINEE_USER_ID, BATCHES) VALUES( (SELECT USER_ID FROM REVATURE_USER WHERE EMAIL = 'ckipp2@hotmail.com'), 1);
INSERT INTO TRAINEE_BATCHES (TRAINEE_USER_ID, BATCHES) VALUES( (SELECT USER_ID FROM REVATURE_USER WHERE EMAIL = 'xinguang.huang1@gmail.com'), 1);
INSERT INTO TRAINEE_BATCHES (TRAINEE_USER_ID, BATCHES) VALUES( (SELECT USER_ID FROM REVATURE_USER WHERE EMAIL = 'osher.y.cohen@gmail.com'), 1);
INSERT INTO TRAINEE_BATCHES (TRAINEE_USER_ID, BATCHES) VALUES( (SELECT USER_ID FROM REVATURE_USER WHERE EMAIL = 'kchangfatt@gmail.com'), 1);
INSERT INTO TRAINEE_BATCHES (TRAINEE_USER_ID, BATCHES) VALUES( (SELECT USER_ID FROM REVATURE_USER WHERE EMAIL = 'nikolovski23@gmail.com'), 1);
INSERT INTO TRAINEE_BATCHES (TRAINEE_USER_ID, BATCHES) VALUES( (SELECT USER_ID FROM REVATURE_USER WHERE EMAIL = 'louisalopez93@gmail.com'), 1);
INSERT INTO TRAINEE_BATCHES (TRAINEE_USER_ID, BATCHES) VALUES( (SELECT USER_ID FROM REVATURE_USER WHERE EMAIL = 'syar0052@gmail.com'), 1);
INSERT INTO TRAINEE_BATCHES (TRAINEE_USER_ID, BATCHES) VALUES( (SELECT USER_ID FROM REVATURE_USER WHERE EMAIL = 'achen.this@gmail.com'), 1);
INSERT INTO TRAINEE_BATCHES (TRAINEE_USER_ID, BATCHES) VALUES( (SELECT USER_ID FROM REVATURE_USER WHERE EMAIL = 'davidsibrian08@gmail.com'), 1);
INSERT INTO TRAINEE_BATCHES (TRAINEE_USER_ID, BATCHES) VALUES( (SELECT USER_ID FROM REVATURE_USER WHERE EMAIL = 'karymacancela@gmail.com'), 1);
INSERT INTO TRAINEE_BATCHES (TRAINEE_USER_ID, BATCHES) VALUES( (SELECT USER_ID FROM REVATURE_USER WHERE EMAIL = 'shamlau23@gmail.com'), 1);
INSERT INTO TRAINEE_BATCHES (TRAINEE_USER_ID, BATCHES) VALUES( (SELECT USER_ID FROM REVATURE_USER WHERE EMAIL = 'ychenq001@gmail.com'), 1);
INSERT INTO TRAINEE_BATCHES (TRAINEE_USER_ID, BATCHES) VALUES( (SELECT USER_ID FROM REVATURE_USER WHERE EMAIL = 'williams.andrew15@gmail.com'), 1);
INSERT INTO TRAINEE_BATCHES (TRAINEE_USER_ID, BATCHES) VALUES( (SELECT USER_ID FROM REVATURE_USER WHERE EMAIL = 'williams.andrew15@gmail.com'), 2);
INSERT INTO TRAINEE_BATCHES (TRAINEE_USER_ID, BATCHES) VALUES( (SELECT USER_ID FROM REVATURE_USER WHERE EMAIL = 'katz.rikki@gmail.com'), 2);
INSERT INTO TRAINEE_BATCHES (TRAINEE_USER_ID, BATCHES) VALUES( (SELECT USER_ID FROM REVATURE_USER WHERE EMAIL = 'bcantos17@gmail.com'), 2);
INSERT INTO TRAINEE_BATCHES (TRAINEE_USER_ID, BATCHES) VALUES( (SELECT USER_ID FROM REVATURE_USER WHERE EMAIL = 'travis.dacosta1@gmail.com'), 2);
INSERT INTO TRAINEE_BATCHES (TRAINEE_USER_ID, BATCHES) VALUES( (SELECT USER_ID FROM REVATURE_USER WHERE EMAIL = 'ilysiarh@gmail.com'), 2);
INSERT INTO TRAINEE_BATCHES (TRAINEE_USER_ID, BATCHES) VALUES( (SELECT USER_ID FROM REVATURE_USER WHERE EMAIL = 'wingz101@icloud.com'), 2);
INSERT INTO TRAINEE_BATCHES (TRAINEE_USER_ID, BATCHES) VALUES( (SELECT USER_ID FROM REVATURE_USER WHERE EMAIL = 'bankole726@gmail.com'), 2);
INSERT INTO TRAINEE_BATCHES (TRAINEE_USER_ID, BATCHES) VALUES( (SELECT USER_ID FROM REVATURE_USER WHERE EMAIL = 'davedataram@gmail.com'), 3);
INSERT INTO TRAINEE_BATCHES (TRAINEE_USER_ID, BATCHES) VALUES( (SELECT USER_ID FROM REVATURE_USER WHERE EMAIL = 'azraelzzz@hotmail.com'), 3);
INSERT INTO TRAINEE_BATCHES (TRAINEE_USER_ID, BATCHES) VALUES( (SELECT USER_ID FROM REVATURE_USER WHERE EMAIL = 'chandradatgir@yahoo.com'), 3);
INSERT INTO TRAINEE_BATCHES (TRAINEE_USER_ID, BATCHES) VALUES( (SELECT USER_ID FROM REVATURE_USER WHERE EMAIL = 'jcsanchez1218@yahoo.com'), 3);

